{
    "bart_base_asqa_dpr@3": {
        "Accuracy": 0.4583333333333333,
        "Comprehensiveness": 0.375,
        "Fluency": 0.375,
        "Overall": 0.375,
        "count": 1.0
    },
    "bart_large_asqa_dpr@3": {
        "Accuracy": 0.4583333333333333,
        "Comprehensiveness": 0.625,
        "Fluency": 0.625,
        "Overall": 0.625,
        "count": 1.0
    }
}